{
    "accuracy": 0.7284,
    "precision": 0.7314851485148515,
    "recall": 0.7309062129006727,
    "auc": 0.8104710933483282
}